Title,CRN,Subject,Course Number,Section,Credit Units,Campus,Meeting Times,Instructor,Availability,Reserved Seats,Schedule Type,Attribute,Linked Sections
,,,,,,,,,,,,,
Honours Seminar in Accounting,61428,ACC,400,01,3,USask - Main Saskatoon Campus,NoneSMTWTFS-Type:ClassBuilding:Not ApplicableRoom:NO_ROOMStart Date:06-May-2024End Date:15-Aug-2024,,5of 5 seats remain.,,Sup Self Instruction Part 2,Class taught fully in-person2nd Half of a Multi-term ClassOn Campus Student FeesTuition - Category 4,
Anthropology and Indigenous Peoples in Canada,61307,ANTH,202,01,1.5,USask - Main Saskatoon Campus,"Tuesday,ThursdaySMTWTFS01:30PM -02:50PMType:ClassBuilding:Arts BuildingRoom:263Start Date:02-Jul-2024End Date:15-Aug-2024",Timothy Panas(Primary),72of 100 seats remain.,,Lecture Part 2,Indigenous Learning Req2nd Half of a Multi-term ClassOn Campus Student FeesSocial Sciences Program TypeTuition - Category 1,
Foundation in Painting I,61323,ART,122,02,3,USask - Main Saskatoon Campus,"Monday,Tuesday,Wednesday,ThursdaySMTWTFS01:30PM -04:20PMType:ClassBuilding:Murray Building (Main Library)Room:291Start Date:02-Jul-2024End Date:22-Jul-2024",Terry Billings(Primary),1of 27 seats remain.,,Studio,Audit Allowed with PermissionFine Arts Program TypeClass taught fully in-personOn Campus Student FeesTuition - Category 8No Exam - Exemption Authorized,
Foundation in Painting II,61324,ART,123,02,3,USask - Main Saskatoon Campus,"Monday,Tuesday,Wednesday,ThursdaySMTWTFS01:30PM -04:20PMType:ClassBuilding:Murray Building (Main Library)Room:291Start Date:25-Jul-2024End Date:15-Aug-2024",Shelby Lund(Primary),15of 27 seats remain.,,Studio Part 2,Audit Allowed with PermissionFine Arts Program TypeClass taught fully in-personOn Campus Student FeesTuition - Category 8No Exam - Exemption Authorized,
Foundation in Drawing I,61325,ART,124,02,3,USask - Main Saskatoon Campus,"Monday,Tuesday,Wednesday,ThursdaySMTWTFS09:30AM -12:20PMType:ClassBuilding:Murray Building (Main Library)Room:190Start Date:02-Jul-2024End Date:22-Jul-2024",Xiao Han(Primary),2of 27 seats remain.,,Studio,Audit Allowed with PermissionFine Arts Program TypeClass taught fully in-personOn Campus Student FeesTuition - Category 8No Exam - Exemption Authorized,
Foundation in Drawing II,61326,ART,125,02,3,USask - Main Saskatoon Campus,"Monday,Tuesday,Wednesday,ThursdaySMTWTFS09:30AM -12:20PMType:ClassBuilding:Murray Building (Main Library)Room:190Start Date:25-Jul-2024End Date:15-Aug-2024",Xiao Han(Primary),18of 27 seats remain.,,Studio Part 2,Audit Allowed with PermissionFine Arts Program TypeClass taught fully in-personOn Campus Student FeesTuition - Category 8No Exam - Exemption Authorized,
Sculpture I Foundation,60674,ART,141,02,3,USask - Main Saskatoon Campus,"Monday,Tuesday,Wednesday,ThursdaySMTWTFS09:30AM -12:20PMType:ClassBuilding:Research AnnexRoom:129Start Date:25-Jul-2024End Date:15-Aug-2024",Jordan Schwab(Primary),FULL: 0 of 22 seats remain.,,Studio,Audit Allowed with PermissionMaterials Fees AssessedFine Arts Program TypeClass taught fully in-personOn Campus Student FeesTuition - Category 8No Exam - Exemption Authorized,
Introductory Printmaking II,60971,ART,152,02,3,USask - Main Saskatoon Campus,"Monday,Tuesday,Wednesday,ThursdaySMTWTFS01:30PM -04:20PMType:ClassBuilding:Murray Building (Main Library)Room:64Start Date:25-Jul-2024End Date:15-Aug-2024",Patrick Bulas(Primary),7of 27 seats remain.,,Lecture,Audit Allowed with PermissionMaterials Fees AssessedFine Arts Program TypeClass taught fully in-personOn Campus Student FeesTuition - Category 8No Exam - Exemption Authorized,
Foundation in Photography I,60805,ART,161,03,3,USask - Main Saskatoon Campus,"Monday,Tuesday,Wednesday,ThursdaySMTWTFS09:30AM -12:20PMType:ClassBuilding:Murray Building (Main Library)Room:182Start Date:02-Jul-2024End Date:22-Jul-2024",Frances Robson(Primary),9of 22 seats remain.,,Lecture,Audit Allowed with PermissionMaterials Fees AssessedFine Arts Program TypeClass taught fully in-personOn Campus Student FeesTuition - Category 8No Exam - Exemption Authorized,
Introduction to Canadian Art and Architecture II,60936,ARTH,257,01,3,USask - Main Saskatoon Campus,"Monday,Tuesday,Wednesday,ThursdaySMTWTFS09:30AM -12:20PMType:ClassBuilding:Murray Building (Main Library)Room:299Start Date:02-Jul-2024End Date:22-Jul-2024",Grant McConnell(Primary),6of 35 seats remain.,,Lecture,Audit Allowed with PermissionFine Arts Program TypeClass taught fully in-personOn Campus Student FeesTuition - Category 1,
Field Studies in the Environment,60937,ASKI,101,02,3,USask - Main Saskatoon Campus,"Monday,Tuesday,Wednesday,Thursday,Friday,SaturdaySMTWTFS08:30AM -11:50AMType:ClassBuilding:Agriculture BuildingRoom:1E80Start Date:15-Jul-2024End Date:21-Jul-2024Monday,Tuesday,Wednesday,Thursday,FridaySMTWTFS08:30AM -11:50AMType:ClassBuilding:Agriculture BuildingRoom:1E80Start Date:22-Jul-2024End Date:28-Jul-2024NoneSMTWTFS-Type:ClassBuilding:Not ApplicableRoom:NO_ROOMStart Date:02-Jul-2024End Date:14-Jul-2024NoneSMTWTFS-Type:ClassBuilding:Not ApplicableRoom:NO_ROOMStart Date:29-Jul-2024End Date:15-Aug-2024",Melissa Arcand(Primary),24of 40 seats remain.,,Blended,Materials Fees AssessedNon-refundable Fee AssessedOff or Distance Ed Stdnt FeeTuition - Category 13,
The Diversity of Life,60619,BIOL,121,01,3,USask - Main Saskatoon Campus,"Monday,Tuesday,Wednesday,Thursday,FridaySMTWTFS08:30AM -10:50AMType:ClassBuilding:Geology BuildingRoom:265Start Date:25-Jul-2024End Date:15-Aug-2024",Malin Hansen(Primary),36of 90 seats remain.LINKED,,Lecture,On Campus Student FeesScience Program TypeTuition - Category 14,
The Diversity of Life,61237,BIOL,121,L01,0,USask - Main Saskatoon Campus,"Monday,Tuesday,Wednesday,Thursday,FridaySMTWTFS01:30PM -04:20PMType:ClassBuilding:Education BuildingRoom:1022Start Date:25-Jul-2024End Date:15-Aug-2024",Joel Yurach(Primary),36of 90 seats remain.LINKED,,Laboratory,Lab Override Not AvailableNo Academic CreditOn Campus Student FeesScience Program TypeNo Tuition Assessed,
Genes to Genomics,60466,BIOL,226,01,3,USask - Main Saskatoon Campus,"Monday,Tuesday,Wednesday,Thursday,FridaySMTWTFS08:30AM -10:50AMType:ClassBuilding:Geology BuildingRoom:261Start Date:02-Jul-2024End Date:22-Jul-2024",Rebecca Cross(Primary),35of 60 seats remain.LINKED,,Lecture,On Campus Student FeesScience Program TypeTuition - Category 14,
Genes to Genomics,61238,BIOL,226,L01,0,USask - Main Saskatoon Campus,"Monday,Tuesday,Wednesday,Thursday,FridaySMTWTFS01:30PM -04:20PMType:ClassBuilding:Thorvaldson BuildingRoom:G77Start Date:02-Jul-2024End Date:22-Jul-2024",Andres Posso-Terranova(Primary),35of 60 seats remain.LINKED,,Laboratory,Lab Override Not AvailableNo Academic CreditOn Campus Student FeesScience Program TypeNo Tuition Assessed,
Field Course,61327,BIOL,350,04,3,USask - Main Saskatoon Campus,"Sunday,Monday,Tuesday,Wednesday,Thursday,Friday,SaturdaySMTWTFS-Type:ClassStart Date:23-Aug-2024End Date:01-Sep-2024",Jeffrey Lane(Primary),7of 20 seats remain.,,Field Trip,Open Learning Unique DeadlinesOn Campus Student FeesScience Program TypeTuition - Category 14,
Introduction to Organic Chemistry,60029,CHEM,250,02,3,USask - Main Saskatoon Campus,"Monday,Tuesday,Wednesday,Thursday,FridaySMTWTFS08:30AM -10:50AMType:ClassBuilding:Thorvaldson BuildingRoom:124Start Date:02-Jul-2024End Date:22-Jul-2024",Pearson Ahiahonu(Primary),38of 72 seats remain.LINKED,,Lecture,On Campus Student FeesScience Program TypeTuition - Category 14,
Introduction to Organic Chemistry,61160,CHEM,250,L12,0,USask - Main Saskatoon Campus,"Monday,Tuesday,Wednesday,Thursday,FridaySMTWTFS12:00PM -02:50PMType:ClassBuilding:Thorvaldson BuildingRoom:SG50Start Date:02-Jul-2024End Date:22-Jul-2024",Marcelo Sales(Primary),6of 18 seats remain.LINKED,,Laboratory,Lab Override Not AvailableOn Campus Student FeesScience Program TypeNo Tuition Assessed,
Introduction to Organic Chemistry,61161,CHEM,250,L14,0,USask - Main Saskatoon Campus,"Monday,Tuesday,Wednesday,Thursday,FridaySMTWTFS12:00PM -02:50PMType:ClassBuilding:Thorvaldson BuildingRoom:SG55Start Date:02-Jul-2024End Date:22-Jul-2024",Marcelo Sales(Primary),7of 18 seats remain.LINKED,,Laboratory,Lab Override Not AvailableOn Campus Student FeesScience Program TypeNo Tuition Assessed,
Introduction to Organic Chemistry,61162,CHEM,250,L16,0,USask - Main Saskatoon Campus,"Monday,Tuesday,Wednesday,Thursday,FridaySMTWTFS12:00PM -02:50PMType:ClassBuilding:Thorvaldson BuildingRoom:SG60Start Date:02-Jul-2024End Date:22-Jul-2024",Marcelo Sales(Primary),12of 18 seats remain.LINKED,,Laboratory,Lab Override Not AvailableOn Campus Student FeesScience Program TypeNo Tuition Assessed,
Introduction to Organic Chemistry,61163,CHEM,250,L18,0,USask - Main Saskatoon Campus,"Monday,Tuesday,Wednesday,Thursday,FridaySMTWTFS12:00PM -02:50PMType:ClassBuilding:Thorvaldson BuildingRoom:SG65Start Date:02-Jul-2024End Date:22-Jul-2024",Marcelo Sales(Primary),14of 18 seats remain.LINKED,,Laboratory,Lab Override Not AvailableOn Campus Student FeesScience Program TypeNo Tuition Assessed,
Principles of Computer Science,60860,CMPT,145,01,1.5,USask - Main Saskatoon Campus,"Tuesday,ThursdaySMTWTFS10:00AM -11:20AMType:ClassBuilding:Arts BuildingRoom:263Start Date:02-Jul-2024End Date:15-Aug-2024",Kemin Wang(Primary),59of 120 seats remain.LINKED,,Lecture Part 2,2nd Half of a Multi-term ClassOn Campus Student FeesScience Program TypeTuition - Category 3,
Principles of Computer Science,61191,CMPT,145,02,3,USask - Main Saskatoon Campus,"Tuesday,ThursdaySMTWTFS10:00AM -12:50PMType:ClassBuilding:Physics BuildingRoom:165Start Date:02-Jul-2024End Date:15-Aug-2024",Alexander Dumais(Primary),38of 100 seats remain.LINKED,,Lecture,On Campus Student FeesScience Program TypeTuition - Category 3,
Principles of Computer Science,60863,CMPT,145,L01,0,USask - Main Saskatoon Campus,WednesdaySMTWTFS12:00PM -01:20PMType:ClassBuilding:Thorvaldson BuildingRoom:S311Start Date:02-Jul-2024End Date:15-Aug-2024,,8of 40 seats remain.LINKED,,Laboratory Part 2,2nd Half of a Multi-term ClassNo Academic CreditOn Campus Student FeesScience Program TypeNo Tuition Assessed,
Principles of Computer Science,61192,CMPT,145,L02,0,USask - Main Saskatoon Campus,"Tuesday,ThursdaySMTWTFS03:00PM -04:20PMType:ClassBuilding:Thorvaldson BuildingRoom:S311Start Date:02-Jul-2024End Date:15-Aug-2024",,4of 34 seats remain.LINKED,,Laboratory,No Academic CreditOn Campus Student FeesScience Program TypeNo Tuition Assessed,
Principles of Computer Science,60864,CMPT,145,L03,0,USask - Main Saskatoon Campus,WednesdaySMTWTFS01:30PM -02:50PMType:ClassBuilding:Thorvaldson BuildingRoom:S311Start Date:02-Jul-2024End Date:15-Aug-2024,,20of 40 seats remain.LINKED,,Laboratory Part 2,2nd Half of a Multi-term ClassNo Academic CreditOn Campus Student FeesScience Program TypeNo Tuition Assessed,
Principles of Computer Science,61193,CMPT,145,L04,0,USask - Main Saskatoon Campus,"Tuesday,ThursdaySMTWTFS04:30PM -05:50PMType:ClassBuilding:Thorvaldson BuildingRoom:S311Start Date:02-Jul-2024End Date:15-Aug-2024",,25of 33 seats remain.LINKED,,Laboratory,No Academic CreditOn Campus Student FeesScience Program TypeNo Tuition Assessed,
Principles of Computer Science,60934,CMPT,145,L05,0,USask - Main Saskatoon Campus,WednesdaySMTWTFS03:00PM -04:20PMType:ClassBuilding:Thorvaldson BuildingRoom:S311Start Date:02-Jul-2024End Date:15-Aug-2024,,31of 40 seats remain.LINKED,,Laboratory Part 2,2nd Half of a Multi-term ClassNo Academic CreditOn Campus Student FeesScience Program TypeNo Tuition Assessed,
Principles of Computer Science,61194,CMPT,145,L06,0,USask - Main Saskatoon Campus,"Tuesday,ThursdaySMTWTFS03:00PM -04:20PMType:ClassBuilding:Thorvaldson BuildingRoom:S320Start Date:02-Jul-2024End Date:15-Aug-2024",,9of 33 seats remain.LINKED,,Laboratory,No Academic CreditOn Campus Student FeesScience Program TypeNo Tuition Assessed,
Programming Principles and Practice,61243,CMPT,214,01,1.5,USask - Main Saskatoon Campus,"Tuesday,ThursdaySMTWTFS10:30AM -11:50AMType:ClassBuilding:Arts BuildingRoom:146Start Date:02-Jul-2024End Date:15-Aug-2024",Jon Lovering(Primary),18of 100 seats remain.LINKED,,Lecture Part 2,2nd Half of a Multi-term ClassOn Campus Student FeesScience Program TypeTuition - Category 3,
Programming Principles and Practice,61246,CMPT,214,T01,0,USask - Main Saskatoon Campus,TuesdaySMTWTFS12:00PM -01:20PMType:ClassBuilding:Thorvaldson BuildingRoom:S320Start Date:02-Jul-2024End Date:15-Aug-2024,,7of 34 seats remain.LINKED,,Tutorial Part 2,2nd Half of a Multi-term ClassNo Academic CreditOn Campus Student FeesScience Program TypeNo Tuition Assessed,
Programming Principles and Practice,61247,CMPT,214,T03,0,USask - Main Saskatoon Campus,TuesdaySMTWTFS01:30PM -02:50PMType:ClassBuilding:Thorvaldson BuildingRoom:S311Start Date:02-Jul-2024End Date:15-Aug-2024,,5of 33 seats remain.LINKED,,Tutorial Part 2,2nd Half of a Multi-term ClassNo Academic CreditOn Campus Student FeesScience Program TypeNo Tuition Assessed,
Programming Principles and Practice,61248,CMPT,214,T05,0,USask - Main Saskatoon Campus,TuesdaySMTWTFS01:30PM -02:50PMType:ClassBuilding:Thorvaldson BuildingRoom:S320Start Date:02-Jul-2024End Date:15-Aug-2024,,6of 33 seats remain.LINKED,,Tutorial Part 2,2nd Half of a Multi-term ClassNo Academic CreditOn Campus Student FeesScience Program TypeNo Tuition Assessed,
Introduction to Computer Organization and Architecture,60040,CMPT,215,02,3,USask - Main Saskatoon Campus,"Tuesday,ThursdaySMTWTFS08:30AM -11:20AMType:ClassBuilding:Thorvaldson BuildingRoom:159Start Date:02-Jul-2024End Date:15-Aug-2024",Noah Orensa(Primary),10of 66 seats remain.LINKED,,Lecture,On Campus Student FeesScience Program TypeTuition - Category 3,
Introduction to Computer Organization and Architecture,60875,CMPT,215,T02,0,USask - Main Saskatoon Campus,"Tuesday,ThursdaySMTWTFS12:00PM -01:20PMType:ClassBuilding:Thorvaldson BuildingRoom:S311Start Date:02-Jul-2024End Date:15-Aug-2024",,FULL: 0 of 33 seats remain.LINKED,,Tutorial,No Academic CreditOn Campus Student FeesScience Program TypeNo Tuition Assessed,
Introduction to Computer Organization and Architecture,60876,CMPT,215,T04,0,USask - Main Saskatoon Campus,"Monday,WednesdaySMTWTFS12:00PM -01:20PMType:ClassBuilding:Thorvaldson BuildingRoom:S320Start Date:02-Jul-2024End Date:15-Aug-2024",,11of 33 seats remain.LINKED,,Tutorial,No Academic CreditOn Campus Student FeesScience Program TypeNo Tuition Assessed,
Computational Logic and Program Reasoning,61336,CMPT,263,02,3,USask - Main Saskatoon Campus,"Monday,Wednesday,FridaySMTWTFS12:30PM -02:20PMType:ClassBuilding:Arts BuildingRoom:263Start Date:02-Jul-2024End Date:15-Aug-2024Monday,Wednesday,FridaySMTWTFS03:30PM -04:20PMType:ClassBuilding:Arts BuildingRoom:263Start Date:02-Jul-2024End Date:15-Aug-2024",Chris Dutchyn(Primary),87of 125 seats remain.,,Lecture,On Campus Student FeesScience Program TypeTuition - Category 3,
Intermediate Data Structures and Algorithms,60379,CMPT,280,02,3,USask - Main Saskatoon Campus,"Monday,Wednesday,FridaySMTWTFS08:30AM -10:20AMType:ClassBuilding:Thorvaldson BuildingRoom:271Start Date:02-Jul-2024End Date:15-Aug-2024Monday,Wednesday,FridaySMTWTFS11:00AM -11:50AMType:ClassBuilding:Thorvaldson BuildingRoom:271Start Date:02-Jul-2024End Date:15-Aug-2024",S M Haque(Primary),5of 150 seats remain.,,Lecture,On Campus Student FeesScience Program TypeTuition - Category 3,
Methods for Multi Grade Classrooms,61282,ECUR,305,86,3,USask - Main Saskatoon Campus,"Monday,Tuesday,Wednesday,ThursdaySMTWTFS10:00AM -01:20PMType:ClassBuilding:Education BuildingRoom:2005Start Date:25-Jul-2024End Date:15-Aug-2024",Mika Lafond(Primary),29of 40 seats remain.,,Lecture,ITEP ClassOn Campus Student FeesTuition - Category 2,
Dental Therapy Sciences VI,61371,DETH,311,01D,3,USask - Main Saskatoon Campus,"Tuesday,ThursdaySMTWTFS08:30AM -10:20AMType:ClassBuilding:Health Sciences BuildingRoom:GA80Start Date:01-Jul-2024End Date:02-Aug-2024",Mingma Sherpa(Primary),FULL: 0 of 6 seats remain.,,Lecture/Clinical (DENT Only),Off or Distance Ed Stdnt FeeOpen Learning Unique DeadlinesSubsequent OL Class-Mult TermsWeb Class taught synchronouslyME DE PT & VM Program Fee,
Dental Therapy Sciences VI,61376,DETH,312,01D,3,USask - Main Saskatoon Campus,"Tuesday,ThursdaySMTWTFS10:30AM -12:20PMType:ClassBuilding:Health Sciences BuildingRoom:GA80Start Date:01-Jul-2024End Date:02-Aug-2024",Rachel Oracz(Primary),FULL: 0 of 6 seats remain.,,Lecture,Class taught fully in-personOff or Distance Ed Stdnt FeeOpen Learning Unique DeadlinesSubsequent OL Class-Mult TermsME DE PT & VM Program Fee,
Oral Health Sciences VI,61380,DETH,313,01D,3,USask - Main Saskatoon Campus,"Tuesday,ThursdaySMTWTFS01:00PM -02:50PMType:ClassBuilding:Health Sciences BuildingRoom:GA80Start Date:01-Jul-2024End Date:02-Aug-2024",Lynne Lefebvre(Primary),FULL: 0 of 6 seats remain.,,Lecture,Off or Distance Ed Stdnt FeeOpen Learning Unique DeadlinesSubsequent OL Class-Mult TermsWeb Class taught synchronouslyME DE PT & VM Program Fee,
Community Practice III,61384,DETH,314,01D,3,USask - Main Saskatoon Campus,"Tuesday,ThursdaySMTWTFS03:00PM -04:50PMType:ClassBuilding:Health Sciences BuildingRoom:GA80Start Date:01-Jul-2024End Date:02-Aug-2024",Rhonda Krienke(Primary),FULL: 0 of 6 seats remain.,,Blended,Off or Distance Ed Stdnt FeeOpen Learning Unique DeadlinesSubsequent OL Class-Mult TermsWeb Class taught synchronouslyME DE PT & VM Program Fee,
Dental Therapy Practice VI,61388,DETH,316,01D,6,USask - Main Saskatoon Campus,"Monday,Wednesday,FridaySMTWTFS09:00AM -11:50AMType:ClassStart Date:01-Jul-2024End Date:02-Aug-2024Monday,Wednesday,FridaySMTWTFS02:00PM -04:50PMType:ClassStart Date:01-Jul-2024End Date:02-Aug-2024",Rachel Oracz(Primary),FULL: 0 of 6 seats remain.,,Blended,Class taught fully in-personOff or Distance Ed Stdnt FeeOpen Learning Unique DeadlinesSubsequent OL Class-Mult TermsME DE PT & VM Program Fee,
Acting 1,61315,DRAM,118,02,3,USask - Main Saskatoon Campus,"Monday,Tuesday,Wednesday,Thursday,FridaySMTWTFS09:00AM -10:50AMType:ClassBuilding:John Mitchell BuildingRoom:282Start Date:02-Jul-2024End Date:22-Jul-2024",Kenn McLeod(Primary),9of 32 seats remain.,,Lecture,Audit Allowed with PermissionComm engaged/service focusFine Arts Program TypeOn Campus Student FeesTuition - Category 8,
Acting II,61288,DRAM,119,01,3,USask - Main Saskatoon Campus,"Monday,Tuesday,Wednesday,Thursday,FridaySMTWTFS09:00AM -10:50AMType:ClassBuilding:John Mitchell BuildingRoom:282Start Date:25-Jul-2024End Date:15-Aug-2024",Curtis Henschel(Primary),20of 32 seats remain.,,Lecture,Audit Not AllowedComm engaged/service focusFine Arts Program TypeOn Campus Student FeesTuition - Category 8,
Internship in Professional Theatre,61292,DRAM,474,02,6,USask - Main Saskatoon Campus,NoneSMTWTFS-Type:ClassBuilding:Not ApplicableRoom:NO_ROOMStart Date:02-Jul-2024End Date:15-Aug-2024,,5of 5 seats remain.,,Internship - General,Audit Not AllowedFine Arts Program TypeOn Campus Student FeesTuition - Category 8,
Industrial Organization,60845,ECON,343,01,3,USask - Main Saskatoon Campus,"Monday,Tuesday,Wednesday,Thursday,FridaySMTWTFS08:30AM -10:50AMType:ClassBuilding:Arts BuildingRoom:202Start Date:25-Jul-2024End Date:15-Aug-2024",Jingang Zhao(Primary),35of 50 seats remain.,,Lecture,Audit Allowed with PermissionOn Campus Student FeesSocial Sciences Program TypeTuition - Category 1,
Literature and Composition Reading Narrative,61182,ENG,113,06,3,USask - Main Saskatoon Campus,"Tuesday,Wednesday,ThursdaySMTWTFS01:00PM -02:50PMType:ClassBuilding:Thorvaldson BuildingRoom:129Start Date:02-Jul-2024End Date:15-Aug-2024",Brian Cotts(Primary),9of 50 seats remain.,,Lecture,English Language Writing ReqHumanities Program TypeOn Campus Student FeesTuition - Category 1,
Literature and Composition Reading Culture,61183,ENG,114,04,3,USask - Main Saskatoon Campus,"Tuesday,Wednesday,ThursdaySMTWTFS08:30AM -10:20AMType:ClassBuilding:Thorvaldson BuildingRoom:129Start Date:02-Jul-2024End Date:15-Aug-2024",Brad Congdon(Primary),7of 50 seats remain.,,Lecture,English Language Writing ReqHumanities Program TypeOn Campus Student FeesTuition - Category 1,
Crime and Detective Fiction,61314,ENG,260,04,3,USask - Main Saskatoon Campus,"Tuesday,Wednesday,ThursdaySMTWTFS08:30AM -10:20AMType:ClassBuilding:Thorvaldson BuildingRoom:110Start Date:02-Jul-2024End Date:15-Aug-2024",Benjamin Neudorf(Primary),10of 50 seats remain.,,Lecture,Audit Allowed with PermissionHumanities Program TypeOn Campus Student FeesTuition - Category 1,
Honours Thesis in Hydrology or Geomatics,61328,GEOG,490,02,3,USask - Main Saskatoon Campus,NoneSMTWTFS-Type:ClassStart Date:01-Jul-2024End Date:31-Aug-2024,Xulin Guo(Primary),FULL: 0 of 1 seats remain.,,Research,Audit Allowed with PermissionOpen Learning Unique DeadlinesSubsequent OL Class-Mult TermsOn Campus Student FeesScience Program TypeNo Tuition Assessed,
The Earth and Life through Time,60343,GEOL,109,01,3,USask - Main Saskatoon Campus,"Monday,Tuesday,Wednesday,Thursday,FridaySMTWTFS11:00AM -01:20PMType:ClassBuilding:Geology BuildingRoom:255Start Date:25-Jul-2024End Date:15-Aug-2024",Michael Cuggy(Primary),FULL: 0 of 30 seats remain.,,Lecture,Audit Allowed with PermissionOn Campus Student FeesScience Program TypeTuition - Category 14,
Earth History,60817,GEOL,122,04,3,USask - Main Saskatoon Campus,"Monday,Tuesday,Wednesday,Thursday,FridaySMTWTFS11:00AM -01:20PMType:ClassBuilding:Geology BuildingRoom:269Start Date:25-Jul-2024End Date:15-Aug-2024Monday,Tuesday,Wednesday,Thursday,FridaySMTWTFS02:00PM -04:50PMType:ClassBuilding:Geology BuildingRoom:255Start Date:25-Jul-2024End Date:15-Aug-2024",Michael Cuggy(Primary),2of 15 seats remain.,,Lecture,Audit Allowed with PermissionOn Campus Student FeesScience Program TypeTuition - Category 14,
History Matters Health and Society,61267,HIST,165,1,3,USask - Main Saskatoon Campus,"Tuesday,WednesdaySMTWTFS01:30PM -03:20PMType:ClassBuilding:Arts BuildingRoom:202Start Date:02-Jul-2024End Date:15-Aug-2024",Dasha Guliak(Primary),6of 63 seats remain.LINKED,,Lecture,English Language Writing ReqHumanities Program TypeClass taught fully in-personOn Campus Student FeesTuition - Category 1,
History Matters Health and Society,61268,HIST,165,S01,0,USask - Main Saskatoon Campus,ThursdaySMTWTFS01:30PM -03:20PMType:ClassBuilding:Arts BuildingRoom:213Start Date:02-Jul-2024End Date:15-Aug-2024,,FULL: 0 of 21 seats remain.LINKED,,Seminar,English Language Writing ReqHumanities Program TypeClass taught fully in-personOn Campus Student FeesTuition - Category 1,
History Matters Health and Society,61269,HIST,165,S02,0,USask - Main Saskatoon Campus,FridaySMTWTFS10:30AM -12:20PMType:ClassBuilding:Arts BuildingRoom:213Start Date:02-Jul-2024End Date:15-Aug-2024,,2of 21 seats remain.LINKED,,Seminar,English Language Writing ReqHumanities Program TypeOn Campus Student FeesTuition - Category 1,
History Matters Health and Society,61272,HIST,165,S03,0,USask - Main Saskatoon Campus,ThursdaySMTWTFS10:30AM -12:20PMType:ClassBuilding:Arts BuildingRoom:217Start Date:02-Jul-2024End Date:15-Aug-2024,,4of 21 seats remain.LINKED,,Seminar,English Language Writing ReqHumanities Program TypeOn Campus Student FeesTuition - Category 1,
Introduction to Canadian Indigenous Studies,60897,INDG,107,05,3,USask - Main Saskatoon Campus,"Monday,Tuesday,Wednesday,Thursday,Friday,SaturdaySMTWTFS-Type:ClassStart Date:15-Jul-2024End Date:20-Jul-2024Monday,Tuesday,Wednesday,Thursday,FridaySMTWTFS-Type:ClassStart Date:22-Jul-2024End Date:26-Jul-2024NoneSMTWTFS-Type:ClassBuilding:Not ApplicableRoom:NO_ROOMStart Date:08-Jul-2024End Date:12-Jul-2024NoneSMTWTFS-Type:ClassBuilding:Not ApplicableRoom:NO_ROOMStart Date:29-Jul-2024End Date:16-Aug-2024",Jordie Gagnon(Primary),18of 40 seats remain.,,Blended,Indigenous Learning ReqOpen Learning Unique DeadlinesOn Campus Student FeesSocial Sciences Program TypeTuition - Category 1,
Advanced Adult Fitness and Exercise Management Practicum,61418,KIN,481,03,6,USask - Main Saskatoon Campus,NoneSMTWTFS-Type:ClassBuilding:Not ApplicableRoom:NO_ROOMStart Date:01-Jul-2024End Date:20-Aug-2024,Bart Arnold(Primary),FULL: 0 of 2 seats remain.,,Practicum,Audit Allowed with PermissionClass taught fully in-personA Multi-term CourseOpen Learning Unique DeadlinesSubsequent OL Class-Mult TermsOn Campus Student FeesNo Tuition Assessed,
Calculus II,60043,MATH,116,02,3,USask - Main Saskatoon Campus,"Monday,Tuesday,Wednesday,Thursday,FridaySMTWTFS09:00AM -10:20AMType:ClassBuilding:Physics BuildingRoom:103Start Date:02-Jul-2024End Date:15-Aug-2024Monday,Wednesday,FridaySMTWTFS10:30AM -11:20AMType:ClassBuilding:Physics BuildingRoom:103Start Date:02-Jul-2024End Date:15-Aug-2024",Qingde Yang(Primary),22of 100 seats remain.,15of 50 unreserved seats remain.7of 50 reserved seats remain for Engineering,Lecture,Audit Allowed with PermissionOn Campus Student FeesScience Program TypeTuition - Category 8,
Calculus IV for Engineers,60338,MATH,224,02,3,USask - Main Saskatoon Campus,"Monday,Tuesday,Wednesday,Thursday,FridaySMTWTFS08:30AM -09:50AMType:ClassBuilding:Arts BuildingRoom:134Start Date:02-Jul-2024End Date:15-Aug-2024Monday,Tuesday,Wednesday,Thursday,FridaySMTWTFS10:00AM -10:50AMType:ClassBuilding:Arts BuildingRoom:134Start Date:02-Jul-2024End Date:15-Aug-2024",Mohamad Alwan(Primary),50of 100 seats remain.,,Lecture,Audit Allowed with PermissionOn Campus Student FeesScience Program TypeTuition - Category 8,
Patient and Family Centered Care in Clinical Practice,61258,NURS,221,L12,0,USask - Main Saskatoon Campus,NoneSMTWTFS-Type:ClassStart Date:22-Jul-2024End Date:25-Aug-2024,Karen Juckes(Primary),1of 47 seats remain.LINKED,,Laboratory,No Academic CreditOff or Distance Ed Stdnt FeeOpen Learning Unique DeadlinesNo Tuition Assessed,
Patient and Family Centered Care in Clinical Practice,61257,NURS,221,N12,3,USask - Main Saskatoon Campus,NoneSMTWTFS-Type:ClassStart Date:22-Jul-2024End Date:25-Aug-2024,Karen Juckes(Primary),1of 47 seats remain.LINKED,,Clinical,Off or Distance Ed Stdnt FeeOpen Learning Unique DeadlinesTuition - Category 9,
Ethics and Professional Responsibility in Computer Science,61067,PHIL,232,01,3,USask - Main Saskatoon Campus,"Monday,Tuesday,Wednesday,Thursday,FridaySMTWTFS11:00AM -01:20PMType:ClassBuilding:Agriculture BuildingRoom:2C71Start Date:02-Jul-2024End Date:22-Jul-2024",William Buschert(Primary),26of 50 seats remain.,,Lecture,Humanities Program TypeOn Campus Student FeesTuition - Category 1,
Introduction to Field Scouting,61215,PLSC,382,03,1.5,USask - Main Saskatoon Campus,FridaySMTWTFS08:30AM -06:30PMType:ClassBuilding:Agriculture BuildingRoom:2E25Start Date:26-Jul-2024End Date:26-Jul-2024NoneSMTWTFS-Type:ClassBuilding:Not ApplicableRoom:NO_ROOMStart Date:02-Jul-2024End Date:25-Jul-2024NoneSMTWTFS-Type:ClassBuilding:Not ApplicableRoom:NO_ROOMStart Date:27-Jul-2024End Date:15-Aug-2024,Krista Wilde(Primary)Ellen Misfeldt,2of 40 seats remain.,,Field Trip Part 2,Non-refundable Fee Assessed2nd Half of a Multi-term ClassA Multi-term CourseOn Campus Student FeesTuition - Category 13,
Indigenous Governance and Politics,60680,POLS,222,28,3,USask - Main Saskatoon Campus,"Monday,Tuesday,Wednesday,ThursdaySMTWTFS01:15PM -03:50PMType:ClassBuilding:Arts BuildingRoom:100Start Date:25-Jul-2024End Date:15-Aug-2024",Jason Zorbas(Primary),2of 30 seats remain.,,Lecture,Indigenous Learning ReqITEP ClassOn Campus Student FeesSocial Sciences Program TypeTuition - Category 1,
Career Internship,60437,POLS,383,01,1.5,USask - Main Saskatoon Campus,NoneSMTWTFS-Type:ClassBuilding:Not ApplicableRoom:NO_ROOMStart Date:02-Jul-2024End Date:15-Aug-2024,Matthew Mitchell(Primary),1of 3 seats remain.,,Internship - General Part 2,Work/Entrepreneurship focus2nd Half of a Multi-term ClassOn Campus Student FeesSocial Sciences Program TypeTuition - Category 1,
Child Development,60642,PSY,213,03,3,USask - Main Saskatoon Campus,"Monday,Tuesday,Wednesday,Thursday,FridaySMTWTFS11:00AM -01:20PMType:ClassBuilding:Arts BuildingRoom:134Start Date:02-Jul-2024End Date:22-Jul-2024",Shelby Novak(Primary),28of 100 seats remain.,,Lecture,On Campus Student FeesSocial Sciences Program TypeTuition - Category 8,
Introduction to Statistical Methods,60019,STAT,245,02,3,USask - Main Saskatoon Campus,"Monday,Tuesday,Wednesday,Thursday,FridaySMTWTFS11:00AM -12:20PMType:ClassBuilding:Arts BuildingRoom:102Start Date:02-Jul-2024End Date:15-Aug-2024Tuesday,Wednesday,ThursdaySMTWTFS-Type:ClassStart Date:02-Jul-2024End Date:15-Aug-2024",Osama Bataineh(Primary),21of 54 seats remain.,,Lecture,On Campus Student FeesScience Program TypeTuition - Category 8,
Introduction to Womens and Gender Studies,61349,WGST,112,3,3,USask - Main Saskatoon Campus,"Monday,Tuesday,Wednesday,ThursdaySMTWTFS01:30PM -03:20PMType:ClassBuilding:Archaeology BuildingRoom:112Start Date:02-Jul-2024End Date:22-Jul-2024",Gwen Rose(Primary),10of 40 seats remain.,,Lecture,Humanities Program TypeOn Campus Student FeesSocial Sciences Program TypeTuition - Category 1,
